"","cyl","Avg.cons."
"1",4,9.7325
"2",6,8.128125
"3",8,6.39625
